<?xml version="1.0" encoding="UTF-8"?>
<root>
  <item name="com.yandex.metrica.impl.AppEnvironment void setLimitation(com.yandex.metrica.impl.utils.EventLimitationProcessor.MapLimitation)">
    <annotation name="android.support.annotation.VisibleForTesting" />
  </item>
  <item name="com.yandex.metrica.impl.BaseReporter BaseReporter(android.content.Context, com.yandex.metrica.impl.ReportsHandler, com.yandex.metrica.impl.ReporterEnvironment)">
    <annotation name="android.support.annotation.VisibleForTesting" />
  </item>
  <item name="com.yandex.metrica.impl.ClientCounterReport ClientCounterReport()">
    <annotation name="android.support.annotation.VisibleForTesting" />
  </item>
  <item name="com.yandex.metrica.impl.CounterReport CounterReport(java.lang.String, int)">
    <annotation name="android.support.annotation.VisibleForTesting" />
  </item>
  <item name="com.yandex.metrica.impl.DeviceIdDataProvider com.yandex.metrica.impl.DeviceIdDataProvider.DeviceIDSynchronizationAssistant getAssistant()">
    <annotation name="android.support.annotation.VisibleForTesting" />
  </item>
  <item name="com.yandex.metrica.impl.DeviceIdDataProvider java.lang.String loadLocalAppsDeviceId(android.content.Context)">
    <annotation name="android.support.annotation.VisibleForTesting" />
  </item>
  <item name="com.yandex.metrica.impl.DeviceIdDataProvider.DeviceIDSynchronizationAssistant mProvider">
    <annotation name="android.support.annotation.VisibleForTesting" />
  </item>
  <item name="com.yandex.metrica.impl.ErrorEnvironment java.util.Map&lt;java.lang.String,java.lang.String&gt; getEnvironmentValues()">
    <annotation name="android.support.annotation.VisibleForTesting" />
  </item>
  <item name="com.yandex.metrica.impl.ErrorEnvironment void setEnvironmentValues(java.util.Map&lt;java.lang.String,java.lang.String&gt;)">
    <annotation name="android.support.annotation.VisibleForTesting" />
  </item>
  <item name="com.yandex.metrica.impl.ErrorEnvironment void setEventLimitationProcessor(com.yandex.metrica.impl.utils.EventLimitationProcessor)">
    <annotation name="android.support.annotation.VisibleForTesting" />
  </item>
  <item name="com.yandex.metrica.impl.EventsManager com.yandex.metrica.impl.CounterReport userInfoSendReportEntry(java.lang.String)">
    <annotation name="android.support.annotation.VisibleForTesting" />
  </item>
  <item name="com.yandex.metrica.impl.LocationDataProvider LocationDataProvider(android.content.Context, android.os.HandlerThread, android.location.LocationManager, com.yandex.metrica.impl.preferences.PreferencesGroupServiceTracking, java.util.WeakHashMap&lt;java.lang.Object,java.lang.Object&gt;)">
    <annotation name="android.support.annotation.VisibleForTesting" />
  </item>
  <item name="com.yandex.metrica.impl.LocationDataProvider android.location.LocationListener getLocationUpdatesListener()">
    <annotation name="android.support.annotation.VisibleForTesting" />
  </item>
  <item name="com.yandex.metrica.impl.LocationDataProvider boolean isRegistered()">
    <annotation name="android.support.annotation.VisibleForTesting" />
  </item>
  <item name="com.yandex.metrica.impl.LocationDataProvider void setRegistered(boolean)">
    <annotation name="android.support.annotation.VisibleForTesting" />
  </item>
  <item name="com.yandex.metrica.impl.LocationDataProvider void setTrackingEnabled(boolean)">
    <annotation name="android.support.annotation.VisibleForTesting" />
  </item>
  <item name="com.yandex.metrica.impl.MainReporter MainReporter(android.content.Context, com.yandex.metrica.impl.ReporterEnvironment, com.yandex.metrica.impl.ReportsHandler, com.yandex.metrica.impl.IdleReporterEnvironment)">
    <annotation name="android.support.annotation.VisibleForTesting" />
  </item>
  <item name="com.yandex.metrica.impl.ManualReporter ManualReporter(android.content.Context, java.lang.String, com.yandex.metrica.impl.ReportsHandler, com.yandex.metrica.impl.ReporterEnvironment)">
    <annotation name="android.support.annotation.VisibleForTesting" />
  </item>
  <item name="com.yandex.metrica.impl.ReporterEnvironment void setErrorEnvironment(com.yandex.metrica.impl.ErrorEnvironment)">
    <annotation name="android.support.annotation.VisibleForTesting" />
  </item>
  <item name="com.yandex.metrica.impl.YandexMetricaImpl YandexMetricaImpl(android.content.Context, com.yandex.metrica.impl.ReporterFactory, com.yandex.metrica.impl.MainReporter, java.lang.Thread.UncaughtExceptionHandler, com.yandex.metrica.impl.startup.StartupHelper, com.yandex.metrica.impl.ReferrerHelper)">
    <annotation name="android.support.annotation.VisibleForTesting" />
  </item>
  <item name="com.yandex.metrica.impl.YandexMetricaImpl void activate(com.yandex.metrica.YandexMetricaInternalConfig)">
    <annotation name="android.support.annotation.VisibleForTesting" />
  </item>
</root>

