<?xml version="1.0" encoding="UTF-8"?>
<root>
  <item name="com.yandex.metrica.impl.component.processor.EventProcessingStrategyFactory com.yandex.metrica.impl.component.processor.event.ReportAppEnvironmentClearedHandler getReportAppEnvironmentCleared()">
    <annotation name="android.support.annotation.VisibleForTesting" />
  </item>
  <item name="com.yandex.metrica.impl.component.processor.EventProcessingStrategyFactory com.yandex.metrica.impl.component.processor.event.ReportAppEnvironmentUpdatedHandler getReportAppEnvironmentUpdated()">
    <annotation name="android.support.annotation.VisibleForTesting" />
  </item>
  <item name="com.yandex.metrica.impl.component.processor.EventProcessingStrategyFactory com.yandex.metrica.impl.component.processor.event.ReportCancelAliveEventHandler getReportCancelAliveEventHandler()">
    <annotation name="android.support.annotation.VisibleForTesting" />
  </item>
  <item name="com.yandex.metrica.impl.component.processor.EventProcessingStrategyFactory com.yandex.metrica.impl.component.processor.event.ReportFirstHandler getReportFirstHandler()">
    <annotation name="android.support.annotation.VisibleForTesting" />
  </item>
  <item name="com.yandex.metrica.impl.component.processor.EventProcessingStrategyFactory com.yandex.metrica.impl.component.processor.event.ReportIdentityHandler getReportIdentityHandler()">
    <annotation name="android.support.annotation.VisibleForTesting" />
  </item>
  <item name="com.yandex.metrica.impl.component.processor.EventProcessingStrategyFactory com.yandex.metrica.impl.component.processor.event.ReportMigrateInitHandler getReportMigrateInitHandler()">
    <annotation name="android.support.annotation.VisibleForTesting" />
  </item>
  <item name="com.yandex.metrica.impl.component.processor.EventProcessingStrategyFactory com.yandex.metrica.impl.component.processor.event.ReportMigrateToUuidApiKeyEventHandler getReportMigrateToUuidApiKeyEventHandler()">
    <annotation name="android.support.annotation.VisibleForTesting" />
  </item>
  <item name="com.yandex.metrica.impl.component.processor.EventProcessingStrategyFactory com.yandex.metrica.impl.component.processor.event.ReportPurgeBufferHandler getReportPurgeBufferHandler()">
    <annotation name="android.support.annotation.VisibleForTesting" />
  </item>
  <item name="com.yandex.metrica.impl.component.processor.EventProcessingStrategyFactory com.yandex.metrica.impl.component.processor.event.ReportReferrerHandler getReportReferrerHandler()">
    <annotation name="android.support.annotation.VisibleForTesting" />
  </item>
  <item name="com.yandex.metrica.impl.component.processor.EventProcessingStrategyFactory com.yandex.metrica.impl.component.processor.event.ReportSaveReferrerHandler getReportSaveReferrerHandler()">
    <annotation name="android.support.annotation.VisibleForTesting" />
  </item>
  <item name="com.yandex.metrica.impl.component.processor.EventProcessingStrategyFactory com.yandex.metrica.impl.component.processor.event.ReportSaveToDatabaseHandler getReportSaveToDatabaseHandler()">
    <annotation name="android.support.annotation.VisibleForTesting" />
  </item>
  <item name="com.yandex.metrica.impl.component.processor.EventProcessingStrategyFactory com.yandex.metrica.impl.component.processor.event.ReportSendUserInfoHandler getReportSendUserInfoHandler()">
    <annotation name="android.support.annotation.VisibleForTesting" />
  </item>
  <item name="com.yandex.metrica.impl.component.processor.EventProcessingStrategyFactory com.yandex.metrica.impl.component.processor.event.ReportSessionHandler getReportSessionHandler()">
    <annotation name="android.support.annotation.VisibleForTesting" />
  </item>
  <item name="com.yandex.metrica.impl.component.processor.EventProcessingStrategyFactory com.yandex.metrica.impl.component.processor.event.ReportSetUserInfoHandler getReportSetUserInfoHandler()">
    <annotation name="android.support.annotation.VisibleForTesting" />
  </item>
  <item name="com.yandex.metrica.impl.component.processor.EventProcessingStrategyFactory com.yandex.metrica.impl.component.processor.event.ReportUpdateIfLostUserInfoHandler getUpdateIfLostUserInfoHandler()">
    <annotation name="android.support.annotation.VisibleForTesting" />
  </item>
  <item name="com.yandex.metrica.impl.component.processor.EventProcessingStrategyFactory com.yandex.metrica.impl.component.processor.event.ReportUpdateServiceSideSettingsHandler getReportUpdateServiceSideSettingsHandler()">
    <annotation name="android.support.annotation.VisibleForTesting" />
  </item>
  <item name="com.yandex.metrica.impl.component.processor.EventProcessingStrategyFactory com.yandex.metrica.impl.component.processor.session.ReportSessionStopHandler getReportSessionStopHandler()">
    <annotation name="android.support.annotation.VisibleForTesting" />
  </item>
  <item name="com.yandex.metrica.impl.component.processor.EventSessionProcessingStrategyFactory com.yandex.metrica.impl.component.processor.event.ReportPauseSessionHandler getReportPauseSessionHandler()">
    <annotation name="android.support.annotation.VisibleForTesting" />
  </item>
  <item name="com.yandex.metrica.impl.component.processor.EventSessionProcessingStrategyFactory com.yandex.metrica.impl.component.processor.event.ReportSaveInitHandler getReportSaveInitHandler()">
    <annotation name="android.support.annotation.VisibleForTesting" />
  </item>
  <item name="com.yandex.metrica.impl.component.processor.EventSessionProcessingStrategyFactory com.yandex.metrica.impl.component.processor.session.ReportNewBackgroundSessionCheckHandler getStartBackgroundSessionCheckHandler()">
    <annotation name="android.support.annotation.VisibleForTesting" />
  </item>
  <item name="com.yandex.metrica.impl.component.processor.EventSessionProcessingStrategyFactory com.yandex.metrica.impl.component.processor.session.ReportSessionActivityStartHandler getReportSessionActivityStartHandler()">
    <annotation name="android.support.annotation.VisibleForTesting" />
  </item>
  <item name="com.yandex.metrica.impl.component.processor.EventSessionProcessingStrategyFactory com.yandex.metrica.impl.component.processor.session.ReportSessionSaveHandler getReportSessionSaveHandler()">
    <annotation name="android.support.annotation.VisibleForTesting" />
  </item>
  <item name="com.yandex.metrica.impl.component.processor.EventSessionProcessingStrategyFactory com.yandex.metrica.impl.component.processor.session.ReportSessionStartHandler getReportSessionStartHandler()">
    <annotation name="android.support.annotation.VisibleForTesting" />
  </item>
  <item name="com.yandex.metrica.impl.component.processor.EventSessionProcessingStrategyFactory com.yandex.metrica.impl.component.processor.session.ReportSessionStopHandler getCloseSessionHandler()">
    <annotation name="android.support.annotation.VisibleForTesting" />
  </item>
</root>

